{"cameraMode":{"drawMode":0,"name":"Shaded","section":"Shading Mode"},"sceneLighting":false,"audioPlay":false,"sceneViewState":{"m_AlwaysRefresh":false,"showFog":true,"showSkybox":true,"showFlares":true,"showImageEffects":true,"showParticleSystems":true,"showVisualEffectGraphs":true,"m_FxEnabled":true},"in2DMode":false,"pivot":{"x":-12.531889915466309,"y":-0.6578852534294128,"z":5.7417144775390629},"rotation":{"x":0.25332459807395937,"y":0.5078375339508057,"z":-0.15943875908851624,"w":0.8081036806106567},"size":9.039193153381348,"orthographic":false}